{
  "project_info": {
    "project_number": "833329972724",
    "project_id": "fir-authentication2-d88ea",
    "storage_bucket": "fir-authentication2-d88ea.appspot.com"
  },
  "client": [
    {
      "client_info": {
        "mobilesdk_app_id": "1:833329972724:android:3bad528e2805e20b0ee5a1",
        "android_client_info": {
          "package_name": "com.example.firebaseauthentication2"
        }
      },
      "oauth_client": [
        {
          "client_id": "833329972724-tkelaf4672dcn7d14olav1bubii7qi5h.apps.googleusercontent.com",
          "client_type": 3
        }
      ],
      "api_key": [
        {
          "current_key": "AIzaSyAbp9cvwEKebRmYrdQUSiS4r7jZulwcBTI"
        }
      ],
      "services": {
        "appinvite_service": {
          "other_platform_oauth_client": [
            {
              "client_id": "833329972724-tkelaf4672dcn7d14olav1bubii7qi5h.apps.googleusercontent.com",
              "client_type": 3
            }
          ]
        }
      }
    }
  ],
  "configuration_version": "1"
}